[{"family":"MaterialIcons","fonts":[{"asset":"fonts/MaterialIcons-Regular.otf"}]},{"family":"packages/yaru/Ubuntu","fonts":[{"weight":300,"asset":"packages/yaru/assets/fonts/Ubuntu-L.ttf"},{"weight":300,"style":"italic","asset":"packages/yaru/assets/fonts/Ubuntu-LI.ttf"},{"weight":400,"asset":"packages/yaru/assets/fonts/Ubuntu-R.ttf"},{"weight":400,"style":"italic","asset":"packages/yaru/assets/fonts/Ubuntu-RI.ttf"},{"weight":500,"asset":"packages/yaru/assets/fonts/Ubuntu-M.ttf"},{"weight":500,"style":"italic","asset":"packages/yaru/assets/fonts/Ubuntu-MI.ttf"},{"weight":700,"asset":"packages/yaru/assets/fonts/Ubuntu-B.ttf"},{"weight":700,"style":"italic","asset":"packages/yaru/assets/fonts/Ubuntu-BI.ttf"}]},{"family":"packages/yaru/YaruIcons","fonts":[{"asset":"packages/yaru/assets/yaru_icons.otf"}]}]